{
  "_README": "https://gitlab.com/CDAGaming/CraftPresence/-/wikis/home",
  "_schemaVersion": 3,
  "_lastMCVersionId": 758,
  "generalSettings": {
    "detectATLauncherInstance": true,
    "detectCurseManifest": true,
    "detectMultiMCManifest": true,
    "detectMCUpdaterInstance": true,
    "detectTechnicPack": true,
    "detectBiomeData": false,
    "detectDimensionData": true,
    "detectWorldData": true,
    "clientId": "450485984333660181",
    "defaultIcon": "grass",
    "enableJoinRequests": false,
    "partyPrivacyLevel": 1,
    "preferredClientLevel": 3,
    "resetTimeOnInit": false,
    "autoRegister": false
  },
  "biomeSettings": {
    "fallbackBiomeIcon": "unknown",
    "biomeData": {
      "default": {
        "textOverride": "Playing in {biome.name}",
        "data": {
          "enabled": true,
          "useAsMain": false,
          "details": "",
          "gameState": "",
          "largeImageKey": "",
          "largeImageText": "",
          "smallImageKey": "",
          "smallImageText": "",
          "startTimestamp": "",
          "endTimestamp": "",
          "buttons": {
            "default": {
              "label": "Example Text",
              "url": "https://google.com"
            }
          }
        }
      }
    }
  },
  "dimensionSettings": {
    "fallbackDimensionIcon": "unknown",
    "dimensionData": {
      "default": {
        "textOverride": "In the {dimension.name}",
        "data": {
          "enabled": true,
          "useAsMain": false,
          "details": "",
          "gameState": "",
          "largeImageKey": "",
          "largeImageText": "",
          "smallImageKey": "",
          "smallImageText": "",
          "startTimestamp": "",
          "endTimestamp": "",
          "buttons": {
            "default": {
              "label": "Example Text",
              "url": "https://google.com"
            }
          }
        }
      }
    }
  },
  "serverSettings": {
    "fallbackServerIcon": "default",
    "fallbackServerName": "Minecraft Server",
    "fallbackServerMotd": "A Minecraft Server",
    "serverData": {
      "default": {
        "textOverride": "Playing on {server.motd.raw}",
        "data": {
          "enabled": true,
          "useAsMain": false,
          "details": "",
          "gameState": "",
          "largeImageKey": "",
          "largeImageText": "",
          "smallImageKey": "",
          "smallImageText": "",
          "startTimestamp": "",
          "endTimestamp": "",
          "buttons": {
            "default": {
              "label": "Example Text",
              "url": "https://google.com"
            }
          }
        }
      }
    }
  },
  "statusMessages": {
    "mainMenuData": {
      "textOverride": "In the Main Menu",
      "data": {
        "enabled": true,
        "useAsMain": false,
        "details": "",
        "gameState": "",
        "largeImageKey": "",
        "largeImageText": "",
        "smallImageKey": "",
        "smallImageText": "",
        "startTimestamp": "",
        "endTimestamp": "",
        "buttons": {
          "default": {
            "label": "Example Text",
            "url": "https://google.com"
          }
        }
      }
    },
    "loadingData": {
      "textOverride": "Loading...",
      "data": {
        "enabled": true,
        "useAsMain": false,
        "details": "",
        "gameState": "",
        "largeImageKey": "",
        "largeImageText": "",
        "smallImageKey": "",
        "smallImageText": "",
        "startTimestamp": "",
        "endTimestamp": "",
        "buttons": {
          "default": {
            "label": "Example Text",
            "url": "https://google.com"
          }
        }
      }
    },
    "lanData": {
      "textOverride": "Playing on a LAN Server",
      "data": {
        "enabled": true,
        "useAsMain": false,
        "details": "",
        "gameState": "",
        "largeImageKey": "",
        "largeImageText": "",
        "smallImageKey": "",
        "smallImageText": "",
        "startTimestamp": "",
        "endTimestamp": "",
        "buttons": {
          "default": {
            "label": "Example Text",
            "url": "https://google.com"
          }
        }
      }
    },
    "singleplayerData": {
      "textOverride": "Playing Singleplayer",
      "data": {
        "enabled": true,
        "useAsMain": false,
        "details": "",
        "gameState": "",
        "largeImageKey": "",
        "largeImageText": "",
        "smallImageKey": "",
        "smallImageText": "",
        "startTimestamp": "",
        "endTimestamp": "",
        "buttons": {
          "default": {
            "label": "Example Text",
            "url": "https://google.com"
          }
        }
      }
    }
  },
  "advancedSettings": {
    "enablePerGui": false,
    "enablePerItem": false,
    "enablePerEntity": false,
    "renderTooltips": true,
    "formatWords": true,
    "debugMode": false,
    "verboseMode": false,
    "refreshRate": 2,
    "roundSize": 3,
    "includeExtraGuiClasses": false,
    "allowPlaceholderPreviews": false,
    "guiSettings": {
      "fallbackGuiIcon": "unknown",
      "guiData": {
        "default": {
          "textOverride": "In {screen.name}",
          "data": {
            "enabled": true,
            "useAsMain": false,
            "details": "",
            "gameState": "",
            "largeImageKey": "",
            "largeImageText": "",
            "smallImageKey": "",
            "smallImageText": "",
            "startTimestamp": "",
            "endTimestamp": "",
            "buttons": {
              "default": {
                "label": "Example Text",
                "url": "https://google.com"
              }
            }
          }
        }
      }
    },
    "itemMessages": {
      "default": "Holding {item.message.holding}"
    },
    "entitySettings": {
      "fallbackEntityIcon": "unknown",
      "targetData": {
        "default": {
          "textOverride": "Targeting {entity.target.name}",
          "data": {
            "enabled": true,
            "useAsMain": false,
            "details": "",
            "gameState": "",
            "largeImageKey": "",
            "largeImageText": "",
            "smallImageKey": "",
            "smallImageText": "",
            "startTimestamp": "",
            "endTimestamp": "",
            "buttons": {
              "default": {
                "label": "Example Text",
                "url": "https://google.com"
              }
            }
          }
        }
      },
      "ridingData": {
        "default": {
          "textOverride": "Riding {entity.riding.name}",
          "data": {
            "enabled": true,
            "useAsMain": false,
            "details": "",
            "gameState": "",
            "largeImageKey": "",
            "largeImageText": "",
            "smallImageKey": "",
            "smallImageText": "",
            "startTimestamp": "",
            "endTimestamp": "",
            "buttons": {
              "default": {
                "label": "Example Text",
                "url": "https://google.com"
              }
            }
          }
        }
      }
    },
    "allowEndpointIcons": true,
    "serverIconEndpoint": "https://api.mcsrvstat.us/icon/{server.address.short}",
    "playerSkinEndpoint": "https://crafatar.com/avatars/%1$s"
  },
  "accessibilitySettings": {
    "tooltipBackgroundColor": "0xF0100010",
    "tooltipBorderColor": "0x505000FF",
    "guiBackgroundColor": "minecraft:textures/gui/options_background.png",
    "buttonBackgroundColor": "minecraft:textures/gui/widgets.png",
    "languageId": "en_us",
    "showBackgroundAsDark": true,
    "stripTranslationColors": false,
    "showLoggingInChat": false,
    "stripExtraGuiElements": false,
    "configKeyCode": 332
  },
  "displaySettings": {
    "presenceData": {
      "enabled": true,
      "useAsMain": false,
      "details": "{getOrDefault(menu.message, dimension.message)}",
      "gameState": "{server.message} {custom.pack}",
      "largeImageKey": "{getOrDefault(menu.icon, dimension.icon)}",
      "largeImageText": "{getOrDefault(menu.message, dimension.message)}",
      "smallImageKey": "{getOrDefault(server.icon, pack.icon)}",
      "smallImageText": "{server.message} {custom.pack}",
      "startTimestamp": "{data.general.time}",
      "endTimestamp": "",
      "buttons": {
        "default": {
          "label": "Example Text",
          "url": "https://google.com"
        }
      }
    },
    "dynamicIcons": {
      "default": "https://via.placeholder.com/256.png",
      "Alien_25": "https://crafatar.com/avatars/5b01c13fbf9249e3b05aaf17db443407",
      "ec.8e-couche.xyz": "https://api.mcsrvstat.us/icon/ec.8e-couche.xyz"
    },
    "dynamicVariables": {
      "default": "Example Text",
      "mods": "{general.mods} Mod(s)",
      "player_info_coordinate": "At {player.position.x}, {player.position.z}",
      "players": "{server.players.current} / {server.players.max} Players",
      "player_info_in": "({custom.player_info_health})",
      "player_info_items": "Items: {item.main_hand.message}",
      "player_info_out": "As {player.name}",
      "player_info_health": "Health: {player.health.current}/{player.health.max}",
      "world_info": "On {world.name}",
      "pack": "{pack.name}"
    }
  }
}