{
  "__comment": "Instructions: https://blakesmods.com/docs/cucumber/tags-config",
  "forge:ingots/tungsten": "chemlib:tungsten_ingot",
  "forge:ingots/lumium": "thermal:lumium_ingot",
  "forge:silicon": "ae2:silicon",
  "forge:gems/apatite": "thermal:apatite",
  "forge:dusts/saltpeter": "immersiveengineering:dust_saltpeter",
  "forge:ingots/steel": "thermal:steel_ingot",
  "forge:ingots/lead": "exnihilosequentia:lead_ingot",
  "forge:ingots/mithril": "null",
  "forge:ingots/iridium": "chemlib:iridium_ingot",
  "forge:ingots/zinc": "exnihilosequentia:zinc_ingot",
  "forge:ingots/invar": "thermal:invar_ingot",
  "forge:gems/ruby": "thermal:ruby",
  "forge:dusts/niter": "chemlib:potassium_nitrate_dust",
  "forge:ingots/chrome": "null",
  "forge:ingots/enderium": "thermal:enderium_ingot",
  "forge:dusts/sulfur": "chemlib:sulfur_dust",
  "forge:ingots/nickel": "exnihilosequentia:nickel_ingot",
  "forge:ingots/constantan": "thermal:constantan_ingot",
  "forge:ingots/tin": "exnihilosequentia:tin_ingot",
  "forge:gems/sapphire": "thermal:sapphire",
  "forge:ingots/bronze": "tcintegrations:bronze_ingot",
  "forge:ingots/electrum": "thermal:electrum_ingot",
  "forge:ingots/silver": "exnihilosequentia:silver_ingot",
  "forge:ingots/platinum": "exnihilosequentia:platinum_ingot",
  "forge:ingots/graphite": "null",
  "forge:ingots/uranium": "exnihilosequentia:uranium_ingot",
  "forge:ingots/aluminum": "exnihilosequentia:aluminum_ingot",
  "forge:ingots/signalum": "thermal:signalum_ingot",
  "forge:ingots/brass": "create:brass_ingot",
  "forge:ingots/titanium": "chemlib:titanium_ingot",
  "forge:rubber": "null"
}