{
	"type": "custommachinery:custom_machine",
	"machine": "custommachinery:stone_generator",
	"time": 20,
	"requirements": [
		{
			"type": "custommachinery:fluid",
			"fluid": "minecraft:water",
			"amount": 10,
			"mode": "input"
		},
		{
			"type": "custommachinery:fluid",
			"fluid": "minecraft:lava",
			"amount": 10,
			"mode": "input"
		},
		{
			"type": "custommachinery:energy_per_tick",
			"amount": 20,
			"mode": "input"
		},
		{
			"type": "custommachinery:item",
			"item": "minecraft:stone",
			"amount": 1,
			"mode": "output"
		}
	]
}